remark,"CSV-Import-Export"
remark,"Date = Wed Nov  5 11:25:40 2025"
remark,"Version = RSLogix 5000 v36.00"
remark,"Owner = "
remark,"Company = "
0.3
TYPE,SCOPE,NAME,DESCRIPTION,DATATYPE,SPECIFIER,ATTRIBUTES
TAG,,Local:1:C,"","AB:5000_DI16:C:0","","(ExternalAccess := Read/Write)"
TAG,,Local:1:I,"The Genset is Low on fuel- IB16_1","AB:5000_DI16:I:0","","(ExternalAccess := Read/Write)"
COMMENT,,Local:1:I,"The Genset is Running - IB16_1",,"Local:1:I.PT00.DATA"
COMMENT,,Local:1:I,"The Genset has a fault- IB16_1",,"Local:1:I.PT01.DATA"
COMMENT,,Local:1:I,"DI_Spare1",,"Local:1:I.PT03.DATA"
COMMENT,,Local:1:I,"Valve chamber Level monitor- IB16_1",,"Local:1:I.PT04.DATA"
COMMENT,,Local:1:I,"Meter chamber Level monitor- IB16_1",,"Local:1:I.PT05.DATA"
COMMENT,,Local:1:I,"DI_Spare2",,"Local:1:I.PT06.DATA"
COMMENT,,Local:1:I,"Building Door Switch monitor- IB16_1",,"Local:1:I.PT07.DATA"
COMMENT,,Local:1:I,"UPS Battery Charge is OK - IB16_1",,"Local:1:I.PT08.DATA"
COMMENT,,Local:1:I,"Battery Charging Fault - IB16_1",,"Local:1:I.PT09.DATA"
COMMENT,,Local:1:I,"DI_Spare3",,"Local:1:I.PT10.DATA"
COMMENT,,Local:1:I,"DI_Spare4",,"Local:1:I.PT11.DATA"
COMMENT,,Local:1:I,"DI_Spare5",,"Local:1:I.PT12.DATA"
COMMENT,,Local:1:I,"DI_Spare6",,"Local:1:I.PT13.DATA"
COMMENT,,Local:1:I,"Building Temperature Low- IB16_1",,"Local:1:I.PT14.DATA"
COMMENT,,Local:1:I,"AC Power ON- IB16_1",,"Local:1:I.PT15.DATA"
TAG,,Local:2:C,"","AB:5000_DI16:C:0","","(ExternalAccess := Read/Write)"
TAG,,Local:2:I,"Operator switch to open the Bypass Valve - IB16_2","AB:5000_DI16:I:0","","(ExternalAccess := Read/Write)"
COMMENT,,Local:2:I,"Operator switch to open the Bypass Valve - IB16_2",,"Local:2:I.PT00.DATA"
COMMENT,,Local:2:I,"Operator switch to close the Bypass Valve- IB16_2",,"Local:2:I.PT01.DATA"
COMMENT,,Local:2:I,"Operator switch to open the Main Valve - IB16_2",,"Local:2:I.PT02.DATA"
COMMENT,,Local:2:I,"Operator switch to close the Main Valve- IB16_2",,"Local:2:I.PT03.DATA"
COMMENT,,Local:2:I,"Operator switch to open the Siphon Valve- IB16_2",,"Local:2:I.PT04.DATA"
COMMENT,,Local:2:I,"Operator switch to close the Siphon Valve- IB16_2",,"Local:2:I.PT05.DATA"
COMMENT,,Local:2:I,"Spare",,"Local:2:I.PT06.DATA"
COMMENT,,Local:2:I,"Spare",,"Local:2:I.PT07.DATA"
COMMENT,,Local:2:I,"Bypass Valve Fully Opened",,"Local:2:I.PT08.DATA"
COMMENT,,Local:2:I,"Bypass Valve Fully Cosed",,"Local:2:I.PT09.DATA"
COMMENT,,Local:2:I,"Main Valve Fully Opened",,"Local:2:I.PT10.DATA"
COMMENT,,Local:2:I,"Main Valve Fully Closed",,"Local:2:I.PT11.DATA"
COMMENT,,Local:2:I,"Siphon Valve Fully Closed",,"Local:2:I.PT12.DATA"
COMMENT,,Local:2:I,"Spare",,"Local:2:I.PT14.DATA"
COMMENT,,Local:2:I,"Spare",,"Local:2:I.PT15.DATA"
TAG,,Local:3:C,"","AB:5000_DO16_Diag:C:0","","(ExternalAccess := Read/Write)"
TAG,,Local:3:I,"","AB:5000_DO16_Diag:I:0","","(ExternalAccess := Read/Write)"
TAG,,Local:3:O,"","AB:5000_DO16:O:0","","(ExternalAccess := Read/Write)"
COMMENT,,Local:3:O,"OPEN BYPASS VALVE",,"Local:3:O.PT00.DATA"
COMMENT,,Local:3:O,"CLOSE BYPASS VALVE",,"Local:3:O.PT01.DATA"
COMMENT,,Local:3:O,"OPEN MAIN VALVE",,"Local:3:O.PT02.DATA"
COMMENT,,Local:3:O,"CLOSE MAIN VALVE",,"Local:3:O.PT03.DATA"
COMMENT,,Local:3:O,"OPEN SIPHON VALVE",,"Local:3:O.PT04.DATA"
COMMENT,,Local:3:O,"CLOSE SIPHON VALVE",,"Local:3:O.PT05.DATA"
COMMENT,,Local:3:O,"RUN METER CHAMBER SUMP PUMP",,"Local:3:O.PT06.DATA"
COMMENT,,Local:3:O,"RUN VALVE CHAMBER SUMP PUMP",,"Local:3:O.PT07.DATA"
COMMENT,,Local:3:O,"SPARE",,"Local:3:O.PT08.DATA"
COMMENT,,Local:3:O,"VIDEO POWER ON",,"Local:3:O.PT09.DATA"
COMMENT,,Local:3:O,"SPARE",,"Local:3:O.PT10.DATA"
COMMENT,,Local:3:O,"SPARE",,"Local:3:O.PT11.DATA"
COMMENT,,Local:3:O,"SPARE",,"Local:3:O.PT12.DATA"
COMMENT,,Local:3:O,"SPARE",,"Local:3:O.PT13.DATA"
COMMENT,,Local:3:O,"STARLINK PWR ON",,"Local:3:O.PT14.DATA"
COMMENT,,Local:3:O,"STATION ACTIVE",,"Local:3:O.PT15.DATA"
TAG,,Local:4:C,"","AB:5000_AI8:C:0","","(ExternalAccess := Read/Write)"
TAG,,Local:4:I,"","AB:5000_AI8:I:0","","(EngineeringUnit.CH00.DATA := ""%"", EngineeringUnit.CH01.DATA := ""%"", EngineeringUnit.CH02.DATA := ""%"", EngineeringUnit.CH03.DATA := ""%"", EngineeringUnit.CH04.DATA := ""%"", EngineeringUnit.CH05.DATA := ""%"", EngineeringUnit.CH06.DATA := ""%"", EngineeringUnit.CH07.DATA := ""%"", ExternalAccess := Read/Write)"
TAG,,Local:4:O,"","AB:5000_AI8:O:0","","(ExternalAccess := Read/Write)"
TAG,,Actual_Bypass_MoveTmr_pre,"The Bypass Timer Preset value currently being used (seconds)","DINT","","(RADIX := Decimal, Constant := false, ExternalAccess := Read/Write)"
TAG,,Actual_Main_MoveTmr_pre,"The MainTimer Preset value currently being used (seconds)","DINT","","(RADIX := Decimal, Constant := false, ExternalAccess := Read/Write)"
TAG,,Actual_Siphon_MoveTmr_pre,"The Siphon Timer Preset value currently being used (seconds)","DINT","","(RADIX := Decimal, Constant := false, ExternalAccess := Read/Write)"
TAG,,AI_S4_SP7,"Spare","Analog_Scaling","","(Constant := false, ExternalAccess := Read/Write)"
TAG,,AI_S4_SP7_DINT,"Spare","DINT","","(RADIX := Decimal, Constant := false, ExternalAccess := Read/Write)"
TAG,,AI_S4_SP7_REAL,"Spare","DINT","","(RADIX := Decimal, Constant := false, ExternalAccess := Read/Write)"
TAG,,Alarm_Reset,"Operator $NAlarm Reset","BOOL","","(RADIX := Decimal, Constant := false, ExternalAccess := Read/Write)"
TAG,,Alarm_Reset_HMI,"Operator $NAlarm Reset","BOOL","","(RADIX := Decimal, Constant := false, ExternalAccess := Read/Write)"
TAG,,Always_off,"","BOOL","","(RADIX := Decimal, Constant := false, ExternalAccess := Read/Write)"
TAG,,BatryChgFault,"BATTERY CHARGE $NFAULT to HMI","BOOL","","(RADIX := Decimal, Constant := false, ExternalAccess := Read/Write)"
TAG,,BatryChgOK,"BATTERY CHARGE $NOK to HMI","BOOL","","(RADIX := Decimal, Constant := false, ExternalAccess := Read/Write)"
TAG,,BATT_10_504_HMI,"Battery Level=0-30Vdc","REAL","","(RADIX := Float, Constant := false, ExternalAccess := Read/Write)"
TAG,,BldTempLow,"BUILDING TEMP$NLOW to HMI","BOOL","","(RADIX := Decimal, Constant := false, ExternalAccess := Read/Write)"
TAG,,BuildingDoorSw,"Building Door $NSwitch to HMI","BOOL","","(RADIX := Decimal, Constant := false, ExternalAccess := Read/Write)"
TAG,,Building_Alarm_Armed,"Status bit indicating the building entry alarm system is armed","BOOL","","(RADIX := Decimal, Constant := false, ExternalAccess := Read/Write)"
TAG,,Building_Arming_Delay,"30-minute timer to auto-arm system after door closes","TIMER","","(Constant := false, ExternalAccess := Read/Write)"
TAG,,Building_Entry_Delay,"45-second timer for building entry before alarm triggers","TIMER","","(Constant := false, ExternalAccess := Read/Write)"
TAG,,Building_Entry_Disarmed,"Latch bit indicating system was disarmed by HMI activity during entry delay","BOOL","","(RADIX := Decimal, Constant := false, ExternalAccess := Read/Write)"
TAG,,Bypass_Cmd_Held,"Anti-repeat interlock; blocks new commands until all HMI, SCADA, and local switches are released.","BOOL","","(RADIX := Decimal, Constant := false, ExternalAccess := Read/Write)"
TAG,,Bypass_CoolDownTmr,"Cooldown timer for the Bypass Valve; ensures a rest period equal to the last move time.","TIMER","","(Constant := false, ExternalAccess := Read/Write)"
TAG,,Bypass_Cooldown_Active,"Bypass Valve is in its $'cooldown$' or $'rest$' period.","BOOL","","(RADIX := Decimal, Constant := false, ExternalAccess := Read/Write)"
TAG,,Bypass_Full_Stroke_Time_SP,"Commissioning setpoint for Bypass Valve full stroke time (seconds)","REAL","","(RADIX := Float, Constant := false, ExternalAccess := Read/Write)"
TAG,,Bypass_InRawMax,"Value when ZSO is Activated","DINT","","(RADIX := Decimal, Constant := false, ExternalAccess := Read/Write)"
TAG,,Bypass_InRawMin,"Value when ZSC is Activated","DINT","","(RADIX := Decimal, Constant := false, ExternalAccess := Read/Write)"
TAG,,Bypass_MoveTmr,"Bypass Move Timer","TIMER","","(Constant := false, ExternalAccess := Read/Write)"
TAG,,Bypass_MoveTmr_pre,"Bypass Timer Preset from HMI","DINT","","(RADIX := Decimal, Constant := false, ExternalAccess := Read/Write)"
TAG,,Bypass_Position_Counter,"Internal counter for Bypass Valve raw position","DINT","","(RADIX := Decimal, Constant := false, ExternalAccess := Read/Write)"
TAG,,Bypass_Position_Increment,"Calculated position increment per 100ms scan for Bypass Valve","DINT","","(RADIX := Decimal, Constant := false, ExternalAccess := Read/Write)"
TAG,,Bypass_Position_Increment_X,"Position Counter","DINT","","(RADIX := Decimal, Constant := false, ExternalAccess := Read/Write)"
TAG,,Bypass_Position_Percent,"Bypass Valve Position$N(%)","DINT","","(RADIX := Decimal, Constant := false, ExternalAccess := Read/Write)"
TAG,,Bypass_Valve_Pos,"Bypass Valve Position","DINT","","(RADIX := Decimal, Constant := false, ExternalAccess := Read/Write)"
TAG,,ClsBpVlv_HMI,"Close Bypass Valve Request from HMI","BOOL","","(RADIX := Decimal, Constant := false, ExternalAccess := Read/Write)"
TAG,,ClsMnVlv_HMI,"Close Main Valve Request from HMI","BOOL","","(RADIX := Decimal, Constant := false, ExternalAccess := Read/Write)"
TAG,,ClsSiVlv_HMI,"Close Siphon Valve Request from HMI","BOOL","","(RADIX := Decimal, Constant := false, ExternalAccess := Read/Write)"
TAG,,Current_Day,"","DINT","","(RADIX := Decimal, Constant := false, ExternalAccess := Read/Write)"
TAG,,Day_Counter,"","COUNTER","","(Constant := false, ExternalAccess := Read/Write)"
TAG,,Dev_Abort_CMD,"Abort command done","BOOL","","(RADIX := Decimal, Constant := false, ExternalAccess := Read/Write)"
TAG,,DEV_Awaiting_Confirm,"Waiting for confirmation","BOOL","","(RADIX := Decimal, Constant := false, ExternalAccess := Read/Write)"
TAG,,DEV_Calibrate_Enable,"Calibrate enable","BOOL","","(RADIX := Decimal, Constant := false, ExternalAccess := Read/Write)"
TAG,,DEV_Cal_Aborted,"Calibration Aborted","BOOL","","(RADIX := Decimal, Constant := false, ExternalAccess := Read/Write)"
TAG,,DEV_Cal_Complete,"Calibration Complete","BOOL","","(RADIX := Decimal, Constant := false, ExternalAccess := Read/Write)"
TAG,,DEV_Cal_Failed,"Calibration Failed","BOOL","","(RADIX := Decimal, Constant := false, ExternalAccess := Read/Write)"
TAG,,DEV_Cal_In_Progress,"Calibration in progress","BOOL","","(RADIX := Decimal, Constant := false, ExternalAccess := Read/Write)"
TAG,,DEV_Cal_Step,"Calibration step Number","DINT","","(RADIX := Decimal, Constant := false, ExternalAccess := Read/Write)"
TAG,,DEV_Confirmation_Timer,"10 second timer for  confirmation window","TIMER","","(Constant := false, ExternalAccess := Read/Write)"
TAG,,DEV_Confirm_CMD,"HMI Confirm PB","BOOL","","(RADIX := Decimal, Constant := false, ExternalAccess := Read/Write)"
TAG,,DEV_ONS,"","BOOL[32]","","(RADIX := Decimal, Constant := false, ExternalAccess := Read/Write)"
TAG,,DEV_Stroke_Timer,"Stroke timer","TIMER","","(Constant := false, ExternalAccess := Read/Write)"
TAG,,DEV_Timeout_Timer,"Timeout timer","TIMER","","(Constant := false, ExternalAccess := Read/Write)"
TAG,,DI_R0S1_SP03,"Spare Input","BOOL","","(RADIX := Decimal, Constant := false, ExternalAccess := Read/Write)"
TAG,,DI_R0S1_SP06,"Spare Input","BOOL","","(RADIX := Decimal, Constant := false, ExternalAccess := Read/Write)"
TAG,,DI_R0S1_SP10,"Spare Input","BOOL","","(RADIX := Decimal, Constant := false, ExternalAccess := Read/Write)"
TAG,,DI_R0S1_SP11,"Spare Input","BOOL","","(RADIX := Decimal, Constant := false, ExternalAccess := Read/Write)"
TAG,,DI_R0S1_SP12,"Spare Input","BOOL","","(RADIX := Decimal, Constant := false, ExternalAccess := Read/Write)"
TAG,,DI_R0S1_SP13,"Spare Input","BOOL","","(RADIX := Decimal, Constant := false, ExternalAccess := Read/Write)"
TAG,,DI_R0S2_SP08,"Spare Input","BOOL","","(RADIX := Decimal, Constant := false, ExternalAccess := Read/Write)"
TAG,,DI_R0S2_SP09,"Spare Input","BOOL","","(RADIX := Decimal, Constant := false, ExternalAccess := Read/Write)"
TAG,,DO_S3_SP08,"Spare","BOOL","","(RADIX := Decimal, Constant := false, ExternalAccess := Read/Write)"
TAG,,DR_10_100_ST,"Control output to RUN METER CHAMBER SUMP PUMP","BOOL","","(RADIX := Decimal, Constant := false, ExternalAccess := Read/Write)"
TAG,,DR_10_101_ST,"Control output to RUN VALVE CHAMBER SUMP PUMP","BOOL","","(RADIX := Decimal, Constant := false, ExternalAccess := Read/Write)"
TAG,,EA_10_504_FLT,"BATTERY CHARGE$NFAULT to HMI","BOOL","","(RADIX := Decimal, Constant := false, ExternalAccess := Read/Write)"
TAG,,ES_10_504_STS,"BATTERY $NCHARGE OK","BOOL","","(RADIX := Decimal, Constant := false, ExternalAccess := Read/Write)"
TAG,,ET_10_504,"BATTERY VOLTAGE$N0-30Vdc","Analog_Scaling","","(Constant := false, ExternalAccess := Read/Write)"
TAG,,ET_10_504_DINT,"BATTERY VOLTAGE$N0-30Vdc$NConverted to DINT","DINT","","(RADIX := Decimal, Constant := false, ExternalAccess := Read/Write)"
TAG,,ET_10_504_SCLD,"BATTERY VOLTAGE$N0-30Vdc","REAL","","(RADIX := Float, Constant := false, ExternalAccess := Read/Write)"
TAG,,FL_10_500_TTL,"Total Flow","REAL","","(RADIX := Float, Constant := false, ExternalAccess := Read/Write)"
TAG,,FT_10_500,"MAIN FLOW$N0-5m3/sec","Analog_Scaling","","(Constant := false, ExternalAccess := Read/Write)"
TAG,,FT_10_500_DINT,"MAIN FLOW$N0-5m3/sec (0-500)$NConverted to DINT","DINT","","(RADIX := Decimal, Constant := false, ExternalAccess := Read/Write)"
TAG,,FT_10_500_HMI,"High Level Flow$N0-5m3/sec","REAL","","(RADIX := Float, Constant := false, ExternalAccess := Read/Write)"
TAG,,FT_10_500_SCLD,"MAIN FLOW$N0-5m3/sec","REAL","","(RADIX := Float, Constant := false, ExternalAccess := Read/Write)"
TAG,,FT_10_500_TTL_HMI,"Total Flow","REAL","","(RADIX := Float, Constant := false, ExternalAccess := Read/Write)"
TAG,,FT_10_501,"SIPHON FLOW$N0-2.5m3/sec","Analog_Scaling","","(Constant := false, ExternalAccess := Read/Write)"
TAG,,FT_10_501_DINT,"SIPHON FLOW$N0-2.5m3/sec (0-250)$NConverted to DINT","DINT","","(RADIX := Decimal, Constant := false, ExternalAccess := Read/Write)"
TAG,,FT_10_501_HMI,"Low Level Flow$N0-2.5m3/sec","REAL","","(RADIX := Float, Constant := false, ExternalAccess := Read/Write)"
TAG,,FT_10_501_SCLD,"SIPHON FLOW$N0-2.5m3/sec","REAL","","(RADIX := Float, Constant := false, ExternalAccess := Read/Write)"
TAG,,GA_10_303,"GENSET FAULT","BOOL","","(RADIX := Decimal, Constant := false, ExternalAccess := Read/Write)"
TAG,,General_Alarm,"General Alarms Status","BOOL","","(RADIX := Decimal, Constant := false, ExternalAccess := Read/Write)"
TAG,,General_Alarm_HMI,"General Alarms Status to HMI","BOOL","","(RADIX := Decimal, Constant := false, ExternalAccess := Read/Write)"
TAG,,Genset_AutoStart_Req,"Gen Start request ","BOOL","","(RADIX := Decimal, Constant := false, ExternalAccess := Read/Write)"
TAG,,Genset_CurrentHrRun_Counter,"Current runtime hr counter","COUNTER","","(Constant := false, ExternalAccess := Read/Write)"
TAG,,Genset_CurrentMinRunTimer,"Current minute runtime timer","TIMER","","(Constant := false, ExternalAccess := Read/Write)"
TAG,,Genset_CurrentMinRun_Counter,"Current minute runtime counter","COUNTER","","(Constant := false, ExternalAccess := Read/Write)"
TAG,,Genset_Running,"Genset Running status to HMI","BOOL","","(RADIX := Decimal, Constant := false, ExternalAccess := Read/Write)"
TAG,,Genset_Runs_cntr,"Displays the number of times that the Generator starts","COUNTER","","(Constant := false, ExternalAccess := Read/Write)"
TAG,,Genset_RunTimer,"Genset running 60 second timer","TIMER","","(Constant := false, ExternalAccess := Read/Write)"
TAG,,Genset_RunTimer_Counter,"Genset 1 minute counter","COUNTER","","(Constant := false, ExternalAccess := Read/Write)"
TAG,,Genset_TotalHrRun_Counter,"Genset 1 hr counter","COUNTER","","(Constant := false, ExternalAccess := Read/Write)"
TAG,,Genset_TotalMinRunTimer,"Genset running 60 second timer","TIMER","","(Constant := false, ExternalAccess := Read/Write)"
TAG,,Genset_TotalMinRun_Counter,"Genset 1 minute counter","COUNTER","","(Constant := false, ExternalAccess := Read/Write)"
TAG,,GenStartDlyTmr,"Genset 5 Second Start Delay Timer","TIMER","","(Constant := false, ExternalAccess := Read/Write)"
TAG,,Gen_BATT_10_504_HMI,"Battery Volts to HMI","DINT","","(RADIX := Decimal, Constant := false, ExternalAccess := Read/Write)"
TAG,,Gen_CurrentRuntimer_Hrs_HMI,"Generator Current Run Timer in Hrs to HMI","DINT","","(RADIX := Decimal, Constant := false, ExternalAccess := Read/Write)"
TAG,,Gen_CurrentRunTimer_Minutes_HMI,"Generator Current Run Timer in Mins to HMI","DINT","","(RADIX := Decimal, Constant := false, ExternalAccess := Read/Write)"
TAG,,Gen_FailToStart,"Generator Failed to Start","BOOL","","(RADIX := Decimal, Constant := false, ExternalAccess := Read/Write)"
TAG,,Gen_FailToStart_cntr,"Genset Failed to Start Counter","COUNTER","","(Constant := false, ExternalAccess := Read/Write)"
TAG,,Gen_FailToStart_cntr_HMI,"Failed to Start counts to HMI","DINT","","(RADIX := Decimal, Constant := false, ExternalAccess := Read/Write)"
TAG,,Gen_FailToStart_ONS,"","BOOL","","(RADIX := Decimal, Constant := false, ExternalAccess := Read/Write)"
TAG,,Gen_FailToStart_Pulse,"Genset Failed to start pulse","BOOL","","(RADIX := Decimal, Constant := false, ExternalAccess := Read/Write)"
TAG,,Gen_FailToStart_tmr,"Generator Failer to Start Timer","TIMER","","(Constant := false, ExternalAccess := Read/Write)"
TAG,,Gen_Runs_cntr_HMI,"Generator Start Counts to HMI","DINT","","(RADIX := Decimal, Constant := false, ExternalAccess := Read/Write)"
TAG,,Gen_Run_Time_SP_HMI,"","DINT","","(RADIX := Decimal, Constant := false, ExternalAccess := Read/Write)"
TAG,,Gen_Run_Time_SP_SCADA,"Generator Min Run time from SCADA","DINT","","(RADIX := Decimal, Constant := false, ExternalAccess := Read/Write)"
TAG,,Gen_Start_ONS,"","BOOL","","(RADIX := Decimal, Constant := false, ExternalAccess := Read/Write)"
TAG,,Gen_TotalRuntimer_Hrs_HMI,"Generator Run Timer in Hours to HMI","DINT","","(RADIX := Decimal, Constant := false, ExternalAccess := Read/Write)"
TAG,,Gen_TotalRunTimer_Minutes_HMI,"Generator Run Timer In Minutes to HMI","DINT","","(RADIX := Decimal, Constant := false, ExternalAccess := Read/Write)"
TAG,,GS_10_303_RN,"GENSET RUNNING","BOOL","","(RADIX := Decimal, Constant := false, ExternalAccess := Read/Write)"
TAG,,HCV_10_502B_HMI,"Bypass Valve Position$N(%)","REAL","","(RADIX := Float, Constant := false, ExternalAccess := Read/Write)"
TAG,,HCV_10_502M_HMI,"Main Valve Position$N(%)","REAL","","(RADIX := Float, Constant := false, ExternalAccess := Read/Write)"
TAG,,HCV_10_502S_HMI,"Siphon Valve Position to HMI","REAL","","(RADIX := Float, Constant := false, ExternalAccess := Read/Write)"
TAG,,HMI_Activity_Falling_ONS,"Storage bit for HMI activity falling edge one-shot.","BOOL","","(RADIX := Decimal, Constant := false, ExternalAccess := Read/Write)"
TAG,,HMI_Activity_Heartbeat,"Toggled by HMI on any screen touch to prove user activity.","BOOL","","(RADIX := Decimal, Constant := false, ExternalAccess := Read/Write)"
TAG,,HMI_Activity_Rising_ONS,"Storage bit for HMI activity rising edge one-shot.","BOOL","","(RADIX := Decimal, Constant := false, ExternalAccess := Read/Write)"
TAG,,HMI_Bypass_Close_CMD,"Close Bypass valve from HMI","BOOL","","(RADIX := Decimal, Constant := false, ExternalAccess := Read/Write)"
TAG,,HMI_Bypass_MoveTmr_pre,"Bypass Timer Preset from HMI","DINT","","(RADIX := Decimal, Constant := false, ExternalAccess := Read/Write)"
TAG,,HMI_Bypass_MoveTmr_pre_Prev,"Previous value of HMI Bypass Timer Preset","DINT","","(RADIX := Decimal, Constant := false, ExternalAccess := Read/Write)"
TAG,,HMI_Bypass_Open_CMD,"Open Bypass valve from HMI","BOOL","","(RADIX := Decimal, Constant := false, ExternalAccess := Read/Write)"
TAG,,HMI_Force_Screen_Num,"PLC writes Login Screen # here to force HMI to change screens.","DINT","","(RADIX := Decimal, Constant := false, ExternalAccess := Read/Write)"
TAG,,HMI_Idle_Timer,"30-minute inactivity timer. Resets on HMI activity.","TIMER","","(Constant := false, ExternalAccess := Read/Write)"
TAG,,HMI_Input_Bypass_MoveTmr_pre,"Bypass Timer Preset entered on HMI (seconds)","DINT","","(RADIX := Decimal, Constant := false, ExternalAccess := Read/Write)"
TAG,,HMI_Input_Main_MoveTmr_pre,"Main Valve Timer Preset entered on HMI (seconds)","DINT","","(RADIX := Decimal, Constant := false, ExternalAccess := Read/Write)"
TAG,,HMI_Input_Siphon_MoveTmr_pre,"SiphonTimer Preset entered on HMI (seconds)","DINT","","(RADIX := Decimal, Constant := false, ExternalAccess := Read/Write)"
TAG,,HMI_Main,"AC POWER $NON to HMI","BOOL","","(RADIX := Decimal, Constant := false, ExternalAccess := Read/Write)"
TAG,,HMI_Main_Close_CMD,"Close Bypass valve from HMI","BOOL","","(RADIX := Decimal, Constant := false, ExternalAccess := Read/Write)"
TAG,,HMI_Main_MoveTmr_pre,"Main Valve Timer Preset entered on HMI (seconds)","DINT","","(RADIX := Decimal, Constant := false, ExternalAccess := Read/Write)"
TAG,,HMI_Main_MoveTmr_pre_Prev,"Previous value of HMI Main Valve Timer Preset for idle timer reset","DINT","","(RADIX := Decimal, Constant := false, ExternalAccess := Read/Write)"
TAG,,HMI_Main_Open_CMD,"Open Bypass valve from HMI","BOOL","","(RADIX := Decimal, Constant := false, ExternalAccess := Read/Write)"
TAG,,HMI_MeterSump_Auto_Mode,"HMI Radio Button: Meter Sump Auto Mode Selected","BOOL","","(RADIX := Decimal, Constant := false, ExternalAccess := Read/Write)"
TAG,,HMI_MeterSump_Float,"Meter Sump Float Status to HMI","BOOL","","(RADIX := Decimal, Constant := false, ExternalAccess := Read/Write)"
TAG,,HMI_MeterSump_Hand_Mode,"HMI Radio Button: Meter Sump Hand Mode Selected","BOOL","","(RADIX := Decimal, Constant := false, ExternalAccess := Read/Write)"
TAG,,HMI_MeterSump_Off_Mode,"HMI Radio Button: Meter Sump Off Mode Selected","BOOL","","(RADIX := Decimal, Constant := false, ExternalAccess := Read/Write)"
TAG,,HMI_Reset_MeterSumpRunTm,"Reset Meter Sump Run Timer","BOOL","","(RADIX := Decimal, Constant := false, ExternalAccess := Read/Write)"
TAG,,HMI_Reset_ValveSumpRunTm,"HMI to Reset Valve Sump Run time timer","BOOL","","(RADIX := Decimal, Constant := false, ExternalAccess := Read/Write)"
TAG,,HMI_Siphon_Close_CMD,"Close Siphon valve from HMI","BOOL","","(RADIX := Decimal, Constant := false, ExternalAccess := Read/Write)"
TAG,,HMI_Siphon_MoveTmr_pre,"SiphonTimer Preset entered on HMI (seconds)","DINT","","(RADIX := Decimal, Constant := false, ExternalAccess := Read/Write)"
TAG,,HMI_Siphon_MoveTmr_pre_Prev,"Previous value of HMI Siphon Valve Timer Preset for idle timer reset","DINT","","(RADIX := Decimal, Constant := false, ExternalAccess := Read/Write)"
TAG,,HMI_Siphon_Open_CMD,"Open Siphon valve from HMI","BOOL","","(RADIX := Decimal, Constant := false, ExternalAccess := Read/Write)"
TAG,,HMI_ValveSump_Auto_Mode,"HMI Radio Button: Valve Sump Auto Mode Selected","BOOL","","(RADIX := Decimal, Constant := false, ExternalAccess := Read/Write)"
TAG,,HMI_ValveSump_Float,"Valve Sump Float Status to HMI","BOOL","","(RADIX := Decimal, Constant := false, ExternalAccess := Read/Write)"
TAG,,HMI_ValveSump_Hand_Mode,"HMI Radio Button: Valve Sump Hand Mode Selected","BOOL","","(RADIX := Decimal, Constant := false, ExternalAccess := Read/Write)"
TAG,,HMI_ValveSump_Off_Mode,"HMI Radio Button: Valve Sump Off Mode Selected","BOOL","","(RADIX := Decimal, Constant := false, ExternalAccess := Read/Write)"
TAG,,HSC_10_300,"CLOSE MAIN $NVALVE SS","BOOL","","(RADIX := Decimal, Constant := false, ExternalAccess := Read/Write)"
TAG,,HSC_10_301,"CLOSE SIPHON$NVALVE SS","BOOL","","(RADIX := Decimal, Constant := false, ExternalAccess := Read/Write)"
TAG,,HSC_10_302,"CLOSE BYPASS$NVALVE SS","BOOL","","(RADIX := Decimal, Constant := false, ExternalAccess := Read/Write)"
TAG,,HSO_10_300,"OPEN MAIN $NVALVE SS","BOOL","","(RADIX := Decimal, Constant := false, ExternalAccess := Read/Write)"
TAG,,HSO_10_301,"OPEN SIPHON$NVALVE SS","BOOL","","(RADIX := Decimal, Constant := false, ExternalAccess := Read/Write)"
TAG,,HSO_10_302,"OPEN BYPASS$NVALVE SS","BOOL","","(RADIX := Decimal, Constant := false, ExternalAccess := Read/Write)"
TAG,,Intruder_Alarm,"Alarm bit indicating an unauthorized building entry","BOOL","","(RADIX := Decimal, Constant := false, ExternalAccess := Read/Write)"
TAG,,Intruder_Alarm_HMI,"Alarm bit indicating an unauthorized building entry","BOOL","","(RADIX := Decimal, Constant := false, ExternalAccess := Read/Write)"
TAG,,JSH_10_308,"AC POWER $NON to HMI","BOOL","","(RADIX := Decimal, Constant := false, ExternalAccess := Read/Write)"
TAG,,JSO_10_307,"Control output for VIDEO POWER ON","BOOL","","(RADIX := Decimal, Constant := false, ExternalAccess := Read/Write)"
TAG,,JSO_10_308,"Control output for STARLINK PWR ON","BOOL","","(RADIX := Decimal, Constant := false, ExternalAccess := Read/Write)"
TAG,,JSO_10_309,"Output to$NSTATION ACTIVE","BOOL","","(RADIX := Decimal, Constant := false, ExternalAccess := Read/Write)"
TAG,,LAH_10_304,"VALVE CHAMBER$NFLOAT","BOOL","","(RADIX := Decimal, Constant := false, ExternalAccess := Read/Write)"
TAG,,LAH_10_305,"METER CHAMBER$NFLOAT","BOOL","","(RADIX := Decimal, Constant := false, ExternalAccess := Read/Write)"
TAG,,LAL_10_303,"GENSET LOW$NFUEL","BOOL","","(RADIX := Decimal, Constant := false, ExternalAccess := Read/Write)"
TAG,,Live_Sim,"Run simulation bits","DINT","","(RADIX := Decimal, Constant := false, ExternalAccess := Read/Write)"
TAG,,LowLevelFlow_Scaled,"Low Level Flow scaled 0-250","REAL","","(RADIX := Float, Constant := false, ExternalAccess := Read/Write)"
TAG,,LT_10_502,"RESERVOIR LEVEL$NLevel=0-42M 810M base to get Geodetic Level","Analog_Scaling","","(Constant := false, ExternalAccess := Read/Write)"
TAG,,LT_10_502_DINT,"RESERVOIR LEVEL$NLevel=0-42M 810M base to get Geodetic Level$NConverted to DINT","DINT","","(RADIX := Decimal, Constant := false, ExternalAccess := Read/Write)"
TAG,,LT_10_502_Geo_HMI,"Geodetic Level to HMI","REAL","","(RADIX := Float, Constant := false, ExternalAccess := Read/Write)"
TAG,,LT_10_502_HMI,"Reservoir Level$N(0-100M)","REAL","","(RADIX := Float, Constant := false, ExternalAccess := Read/Write)"
TAG,,LT_10_502_SCLD,"RESERVOIR LEVEL$NLevel=0-42M 810M base to get Geodetic Level","REAL","","(RADIX := Float, Constant := false, ExternalAccess := Read/Write)"
TAG,,LT_10_502_SCLD_Geo,"Off set for Geodetic level","REAL","","(RADIX := Float, Constant := false, ExternalAccess := Read/Write)"
TAG,,Main_Close_Permissive,"","BOOL","","(RADIX := Decimal, Constant := false, ExternalAccess := Read/Write)"
TAG,,Main_Cmd_Held,"Anti-repeat interlock; blocks new commands until all HMI, SCADA, and local switches are released.","BOOL","","(RADIX := Decimal, Constant := false, ExternalAccess := Read/Write)"
TAG,,Main_CooldownTmr,"Cooldown timer for the Main Valve; ensures a rest period equal to the last move time.","TIMER","","(Constant := false, ExternalAccess := Read/Write)"
TAG,,Main_Cooldown_Active,"Main Valve is in its $'cooldown$' or $'rest$' period.","BOOL","","(RADIX := Decimal, Constant := false, ExternalAccess := Read/Write)"
TAG,,Main_Flow_Today_TTL,"Main Flow Today$N(m3)","REAL","","(RADIX := Float, Constant := false, ExternalAccess := Read/Write)"
TAG,,Main_Flow_Today_TTL_HMI,"Totalized Main Flow Today","REAL","","(RADIX := Float, Constant := false, ExternalAccess := Read/Write)"
TAG,,Main_Flow_Yesterday_TTL,"Main Flow Yesterday$N(m3)","REAL","","(RADIX := Float, Constant := false, ExternalAccess := Read/Write)"
TAG,,Main_Flow_Yesterday_TTL_HMI,"Totalized MainFlow Yesterday","REAL","","(RADIX := Float, Constant := false, ExternalAccess := Read/Write)"
TAG,,Main_Full_Stroke_Time_SP,"Commissioning setpoint for Main Valve full stroke time (seconds)","REAL","","(RADIX := Float, Constant := false, ExternalAccess := Read/Write)"
TAG,,Main_InRawMax,"Value when ZSO is Activated","REAL","","(RADIX := Float, Constant := false, ExternalAccess := Read/Write)"
TAG,,Main_InRawMin,"Value when ZSC is Activated","REAL","","(RADIX := Float, Constant := false, ExternalAccess := Read/Write)"
TAG,,Main_MoveTmr,"Main Valve Move Timer","TIMER","","(Constant := false, ExternalAccess := Read/Write)"
TAG,,Main_MoveTmr_pre,"Main Timer Preset from HMI","DINT","","(RADIX := Decimal, Constant := false, ExternalAccess := Read/Write)"
TAG,,Main_Open_Permissive,"","BOOL","","(RADIX := Decimal, Constant := false, ExternalAccess := Read/Write)"
TAG,,Main_Position_Counter,"Internal counter for Main Valve raw position","DINT","","(RADIX := Decimal, Constant := false, ExternalAccess := Read/Write)"
TAG,,Main_Position_Increment,"Calculated position increment per 100ms scan for Main Valve","DINT","","(RADIX := Decimal, Constant := false, ExternalAccess := Read/Write)"
TAG,,Main_Position_Percent,"Main Valve Position$N(%)","DINT","","(RADIX := Decimal, Constant := false, ExternalAccess := Read/Write)"
TAG,,Main_Valve_Pos,"Main Valve Position$N(%)","DINT","","(RADIX := Decimal, Constant := false, ExternalAccess := Read/Write)"
TAG,,MeterMeter_RunTimer_Min,"","DINT","","(RADIX := Decimal, Constant := false, ExternalAccess := Read/Write)"
TAG,,MeterSumpAutoStartDelay,"Meter Sump Auto Start Delay Time","TIMER","","(Constant := false, ExternalAccess := Read/Write)"
TAG,,MeterSumpAutoStop_Delay,"Meter Sump Auto Stop Delay","TIMER","","(Constant := false, ExternalAccess := Read/Write)"
TAG,,MeterSump_LockedOutTime,"Meter Sump is Locked out for an hour","TIMER","","(Constant := false, ExternalAccess := Read/Write)"
TAG,,MeterSump_Lockout,"30 minute maximum runtime exceeded","BOOL","","(RADIX := Decimal, Constant := false, ExternalAccess := Read/Write)"
TAG,,MeterSump_LockoutTime,"Meter Sump Restart Countdown (Remaining Minutes)","DINT","","(RADIX := Decimal, Constant := false, ExternalAccess := Read/Write)"
TAG,,MeterSump_Lockout_Alarm,"30 minute maximum runtime exceeded","BOOL","","(RADIX := Decimal, Constant := false, ExternalAccess := Read/Write)"
TAG,,MeterSump_Lockout_Rem_Min_HMI,"Meter Sump remaining lockout time in minutes for HMI","DINT","","(RADIX := Decimal, Constant := false, ExternalAccess := Read/Write)"
TAG,,MeterSump_Lockout_Rem_Min_VTS,"Meter Sump remaining lockout time in minutes for VTS","DINT","","(RADIX := Decimal, Constant := false, ExternalAccess := Read/Write)"
TAG,,MeterSump_MaxRunTime,"Maximum 30 minute runtime","TIMER","","(Constant := false, ExternalAccess := Read/Write)"
TAG,,MeterSump_MinRunTime,"Meter Sump Min Run Time","TIMER","","(Constant := false, ExternalAccess := Read/Write)"
TAG,,MeterSump_RunTimer,"Meter Sump Run Timer","TIMER","","(Constant := false, ExternalAccess := Read/Write)"
TAG,,MeterSump_RunTimer_Counter,"","COUNTER","","(Constant := false, ExternalAccess := Read/Write)"
TAG,,MeterSump_RunTimer_Min,"Convert to Minutes","DINT","","(RADIX := Decimal, Constant := false, ExternalAccess := Read/Write)"
TAG,,midnight,"The time is midnight","BOOL","","(RADIX := Decimal, Constant := false, ExternalAccess := Read/Write)"
TAG,,Midnight_Pulse,"","BOOL","","(RADIX := Decimal, Constant := false, ExternalAccess := Read/Write)"
TAG,,MovBpTmSp_VTS,"Bypass Valve Move time from Scada","DINT","","(RADIX := Decimal, Constant := false, ExternalAccess := Read/Write)"
TAG,,MOV_10_300_CL,"Control output to CLOSE MAIN VALVE","BOOL","","(RADIX := Decimal, Constant := false, ExternalAccess := Read/Write)"
TAG,,MOV_10_300_OP,"Control output to OPEN MAIN VALVE","BOOL","","(RADIX := Decimal, Constant := false, ExternalAccess := Read/Write)"
TAG,,MOV_10_301_CL,"Control output to CLOSE SIPHON VALVE","BOOL","","(RADIX := Decimal, Constant := false, ExternalAccess := Read/Write)"
TAG,,MOV_10_301_OP,"Control output to OPEN SIPHON VALVE","BOOL","","(RADIX := Decimal, Constant := false, ExternalAccess := Read/Write)"
TAG,,MOV_10_302_CL,"Control output to CLOSE BYPASS VALVE","BOOL","","(RADIX := Decimal, Constant := false, ExternalAccess := Read/Write)"
TAG,,MOV_10_302_OP,"Control output to OPEN BYPASS VALVE","BOOL","","(RADIX := Decimal, Constant := false, ExternalAccess := Read/Write)"
TAG,,MyClock,"","DINT[7]","","(RADIX := Decimal, Constant := false, ExternalAccess := Read/Write)"
COMMENT,,MyClock,"Year",,"MyClock[0]"
COMMENT,,MyClock,"Month",,"MyClock[1]"
COMMENT,,MyClock,"Day",,"MyClock[2]"
COMMENT,,MyClock,"Hour",,"MyClock[3]"
COMMENT,,MyClock,"Minutes",,"MyClock[4]"
COMMENT,,MyClock,"Seconds",,"MyClock[5]"
COMMENT,,MyClock,"usec",,"MyClock[6]"
TAG,,ONS_Misc,"One shot tags for use in the misc routine","DINT","","(RADIX := Decimal, Constant := false, ExternalAccess := Read/Write)"
TAG,,ONS_Sumps,"","DINT","","(RADIX := Decimal, Constant := false, ExternalAccess := Read/Write)"
TAG,,ONS_Valves,"","BOOL[32]","","(RADIX := Decimal, Constant := false, ExternalAccess := Read/Write)"
TAG,,OpnBpVlv_HMI,"Open Bypass Valve Request from HMI","BOOL","","(RADIX := Decimal, Constant := false, ExternalAccess := Read/Write)"
TAG,,OpnBypasValve_20,"Control output to open the 20$Q Main Valve - OB16","BOOL","","(RADIX := Decimal, Constant := false, ExternalAccess := Read/Write)"
TAG,,OpnMnVlv_HMI,"Open Main Valve Request from HMI","BOOL","","(RADIX := Decimal, Constant := false, ExternalAccess := Read/Write)"
TAG,,OpnSiVlv_HMI,"Open Siphon Valve Request from HMI","BOOL","","(RADIX := Decimal, Constant := false, ExternalAccess := Read/Write)"
TAG,,PLC_Watchdog_1sec_Tmr,"1-second free-running timer to pulse the PLC_Watchdog_Out counter.","TIMER","","(Constant := false, ExternalAccess := Read/Write)"
TAG,,PLC_Watchdog_Out,"PLC heartbeat counter for VTScada to monitor.","COUNTER","","(Constant := false, ExternalAccess := Read/Write)"
TAG,,PLC_Writes_To_HMISCADA,"","PLC_Writes_To_HMISCADA","","(Constant := false, ExternalAccess := Read/Write)"
TAG,,Previous_day,"","DINT","","(RADIX := Decimal, Constant := false, ExternalAccess := Read/Write)"
TAG,,PT_10_505,"MAIN PRESSURE$N(0-689 kpa)","Analog_Scaling","","(Constant := false, ExternalAccess := Read/Write)"
TAG,,PT_10_505_DINT,"MAIN PRESSURE$N(0-689 kpa)$NConverted to DINT","DINT","","(RADIX := Decimal, Constant := false, ExternalAccess := Read/Write)"
TAG,,PT_10_505_HMI,"High Level Press (0-6.89 kpa)","REAL","","(RADIX := Float, Constant := false, ExternalAccess := Read/Write)"
TAG,,PT_10_505_SCLD,"MAIN PRESSURE$N0-689KPA)","REAL","","(RADIX := Float, Constant := false, ExternalAccess := Read/Write)"
TAG,,PT_10_506,"SIPHON PRESSURE$N(0-689KPA)","Analog_Scaling","","(Constant := false, ExternalAccess := Read/Write)"
TAG,,PT_10_506_DINT,"SIPHON PRESSURE$N(0-689KPA)$NConverted to DINT","DINT","","(RADIX := Decimal, Constant := false, ExternalAccess := Read/Write)"
TAG,,PT_10_506_HMI,"Low Level Pressure (0-689KPA)","REAL","","(RADIX := Float, Constant := false, ExternalAccess := Read/Write)"
TAG,,PT_10_506_SCLD,"SIPHON PRESSURE$N(0-689KPA)","REAL","","(RADIX := Float, Constant := false, ExternalAccess := Read/Write)"
TAG,,REPLACE_WITH_LOW_BATTERY_ALARM,"","BOOL","","(RADIX := Decimal, Constant := false, ExternalAccess := Read/Write)"
TAG,,Reset_Flow_Totalizer,"Reset the flow Totalizer at Midnght","BOOL","","(RADIX := Decimal, Constant := false, ExternalAccess := Read/Write)"
TAG,,RunMeterSumpPmp,"Meter Chamber Sump Pump Running to HMI","BOOL","","(RADIX := Decimal, Constant := false, ExternalAccess := Read/Write)"
TAG,,RunValveSumpPmp,"Valve Chamber Sump Pump Running to HMI","BOOL","","(RADIX := Decimal, Constant := false, ExternalAccess := Read/Write)"
TAG,,Siphon_Cmd_Held,"Anti-repeat interlock; blocks new commands until all HMI, SCADA, and local switches are released.","BOOL","","(RADIX := Decimal, Constant := false, ExternalAccess := Read/Write)"
TAG,,Siphon_CooldownTmr,"Cooldown timer for the Siphon Valve; ensures a rest period equal to the last move time.","TIMER","","(Constant := false, ExternalAccess := Read/Write)"
TAG,,Siphon_Cooldown_Active,"Siphon Valve is in its $'cooldown$' or $'rest$' period.","BOOL","","(RADIX := Decimal, Constant := false, ExternalAccess := Read/Write)"
TAG,,Siphon_Flow_Today_TTL,"Siphon Flow Today$N(m3)","REAL","","(RADIX := Float, Constant := false, ExternalAccess := Read/Write)"
TAG,,Siphon_Flow_Today_TTL_HMI,"Siphon Flow Today$N(m3)","REAL","","(RADIX := Float, Constant := false, ExternalAccess := Read/Write)"
TAG,,Siphon_Flow_Yesterday_TTL,"Siphon Flow Yesterday$N(m3)","REAL","","(RADIX := Float, Constant := false, ExternalAccess := Read/Write)"
TAG,,Siphon_Flow_Yesterday_TTL_HMI,"Siphon Flow Yesterday$N(m3)","REAL","","(RADIX := Float, Constant := false, ExternalAccess := Read/Write)"
TAG,,Siphon_Full_Stroke_Time_SP,"Commissioning setpoint for Siphon Valve full stroke time (seconds)","REAL","","(RADIX := Float, Constant := false, ExternalAccess := Read/Write)"
TAG,,Siphon_InRawMax,"Value when ZSO is Activated","REAL","","(RADIX := Float, Constant := false, ExternalAccess := Read/Write)"
TAG,,Siphon_InRawMin,"Value when ZSC is Activated","REAL","","(RADIX := Float, Constant := false, ExternalAccess := Read/Write)"
TAG,,Siphon_MoveTmr,"Siphon Move Timer","TIMER","","(Constant := false, ExternalAccess := Read/Write)"
TAG,,Siphon_MoveTmr_pre,"Siphon timer preset","DINT","","(RADIX := Decimal, Constant := false, ExternalAccess := Read/Write)"
TAG,,Siphon_Position_Counter,"Internal counter for Bypass Valve raw position","DINT","","(RADIX := Decimal, Constant := false, ExternalAccess := Read/Write)"
TAG,,Siphon_Position_Increment,"Calculated position increment per 100ms scan for Siphon Valve","DINT","","(RADIX := Decimal, Constant := false, ExternalAccess := Read/Write)"
TAG,,Siphon_Position_Percent,"Siphon Valve Position$N(%)","DINT","","(RADIX := Decimal, Constant := false, ExternalAccess := Read/Write)"
TAG,,Siphon_Remote_Close_CMD,"","BOOL","","(RADIX := Decimal, Constant := false, ExternalAccess := Read/Write)"
TAG,,Siphon_Valve_Pos,"","DINT","","(RADIX := Decimal, Constant := false, ExternalAccess := Read/Write)"
TAG,,StartGen_SCADA,"Start Generator Request from SCADA","BOOL","","(RADIX := Decimal, Constant := false, ExternalAccess := Read/Write)"
TAG,,test_CNTR,"For tests onlt","COUNTER","","(Constant := false, ExternalAccess := Read/Write)"
TAG,,test_tmr,"","TIMER[10]","","(Constant := false, ExternalAccess := Read/Write)"
TAG,,ToAdamClsBpVlv_VTS,"Close Bypass Valve Request from VTS","BOOL","","(RADIX := Decimal, Constant := false, ExternalAccess := Read/Write)"
TAG,,ToAdamClsMnVlv_VTS,"Close Main valve from VTS","BOOL","","(RADIX := Decimal, Constant := false, ExternalAccess := Read/Write)"
TAG,,ToAdamClsSiVlv_VTS,"Close Siphon valve from VTS","BOOL","","(RADIX := Decimal, Constant := false, ExternalAccess := Read/Write)"
TAG,,ToAdamOpnBpVlv_VTS,"Open Bypass Valve Request from VTS","BOOL","","(RADIX := Decimal, Constant := false, ExternalAccess := Read/Write)"
TAG,,ToAdamOpnMnVlv_VTS,"Open Main valve from VTS","BOOL","","(RADIX := Decimal, Constant := false, ExternalAccess := Read/Write)"
TAG,,ToAdamOpnSiVlv_VTS,"Open Siphon valve from VTS","BOOL","","(RADIX := Decimal, Constant := false, ExternalAccess := Read/Write)"
TAG,,Total_Flow_Today_TTL,"Total Flow Today$N(m3)","REAL","","(RADIX := Float, Constant := false, ExternalAccess := Read/Write)"
TAG,,Total_Flow_Today_TTL_HMI,"Totalized Total Flow Today","REAL","","(RADIX := Float, Constant := false, ExternalAccess := Read/Write)"
TAG,,Total_Flow_Yesterday_TTL,"Total Flow Yesterday$N(m3)","REAL","","(RADIX := Float, Constant := false, ExternalAccess := Read/Write)"
TAG,,Total_Flow_Yesterday_TTL_HMI,"Totalized Total Flow Yesterday","REAL","","(RADIX := Float, Constant := false, ExternalAccess := Read/Write)"
TAG,,To_HMI_Bool,"Outputs to HMI","DINT","","(RADIX := Decimal, Constant := false, ExternalAccess := Read/Write)"
COMMENT,,To_HMI_Bool,"Meter Sump Pump - Run",,"To_HMI_Bool.0"
COMMENT,,To_HMI_Bool,"Valve Sump Pump - Run",,"To_HMI_Bool.1"
TAG,,To_HMI_DINT,"FT_10_500$NMain/High Level Flow$N0-5m3/sec (0-500)$NConverted to DINT","DINT[16]","","(RADIX := Decimal, Constant := false, ExternalAccess := Read/Write)"
TAG,,TT_10_503,"Outside Temp$N((-)40 to +30","Analog_Scaling","","(Constant := false, ExternalAccess := Read/Write)"
TAG,,TT_10_503_DINT,"Outside Temp$N((-)40 to +30$NConverted to DINT","DINT","","(RADIX := Decimal, Constant := false, ExternalAccess := Read/Write)"
TAG,,TT_10_503_HMI,"Outside Temperature$N(-)40 to +30C","REAL","","(RADIX := Float, Constant := false, ExternalAccess := Read/Write)"
TAG,,TT_10_503_SCLD,"Outside Temp$N((-)40 to +30","REAL","","(RADIX := Float, Constant := false, ExternalAccess := Read/Write)"
TAG,,ValveSumpAutoStartDelay,"Valve Sump Auto Start Delay Time","TIMER","","(Constant := false, ExternalAccess := Read/Write)"
TAG,,ValveSumpAutoStop_Delay,"Valve Sump Auto Stop Delay","TIMER","","(Constant := false, ExternalAccess := Read/Write)"
TAG,,ValveSump_LockedOutTime,"Valve Sump is Locked out for an hour","TIMER","","(Constant := false, ExternalAccess := Read/Write)"
TAG,,ValveSump_Lockout,"30 minute maximum runtime exceeded","BOOL","","(RADIX := Decimal, Constant := false, ExternalAccess := Read/Write)"
TAG,,ValveSump_LockoutTime,"Valve Sump Restart countdown (Remaining Minutes)","DINT","","(RADIX := Decimal, Constant := false, ExternalAccess := Read/Write)"
TAG,,ValveSump_Lockout_Alarm,"30 minute maximum runtime exceeded","BOOL","","(RADIX := Decimal, Constant := false, ExternalAccess := Read/Write)"
TAG,,ValveSump_Lockout_Rem_Min_HMI,"Valve Sump remaining lockout time in minutes for HMI","DINT","","(RADIX := Decimal, Constant := false, ExternalAccess := Read/Write)"
TAG,,ValveSump_Lockout_Rem_Min_VTS,"Valves Sump remaining lockout time in minutes for VTS","DINT","","(RADIX := Decimal, Constant := false, ExternalAccess := Read/Write)"
TAG,,ValveSump_MaxRunTime,"Valve Sump Maximum Run Time.$N(30 Minutes)","TIMER","","(Constant := false, ExternalAccess := Read/Write)"
TAG,,ValveSump_Min_Run_Time,"Valve Sump Min Run Time","TIMER","","(Constant := false, ExternalAccess := Read/Write)"
TAG,,ValveSump_RunTimer,"Valve runtime timer","TIMER","","(Constant := false, ExternalAccess := Read/Write)"
TAG,,ValveSump_RunTimer_Counter,"","COUNTER","","(Constant := false, ExternalAccess := Read/Write)"
TAG,,ValveSump_RunTimer_Min,"Convert to Minutes","DINT","","(RADIX := Decimal, Constant := false, ExternalAccess := Read/Write)"
TAG,,VTScada_Reset_MeterSumpRunTm,"Reset VTScada Meter Sump Run timer","BOOL","","(RADIX := Decimal, Constant := false, ExternalAccess := Read/Write)"
TAG,,VTScada_Reset_ValveSumpRunTm,"VTScada to Reset Valve Sump Run time timer","BOOL","","(RADIX := Decimal, Constant := false, ExternalAccess := Read/Write)"
TAG,,VTS_Bypass_Close_CMD,"Close Bypass valve from VTS","BOOL","","(RADIX := Decimal, Constant := false, ExternalAccess := Read/Write)"
TAG,,VTS_Bypass_MoveTmr_pre,"Bypass Timer Preset from VTScada (seconds)","DINT","","(RADIX := Decimal, Constant := false, ExternalAccess := Read/Write)"
TAG,,VTS_Bypass_MoveTmr_pre_Prev,"Previous value of VTScada Bypass Timer Preset","DINT","","(RADIX := Decimal, Constant := false, ExternalAccess := Read/Write)"
TAG,,VTS_Bypass_Mov_Timer_Enable,"","BOOL","","(RADIX := Decimal, Constant := false, ExternalAccess := Read/Write)"
TAG,,VTS_Bypass_Open_CMD,"Open Bypass valve from VTS","BOOL","","(RADIX := Decimal, Constant := false, ExternalAccess := Read/Write)"
TAG,,VTS_Comm_Fault,"ault bit indicating loss of communication with VTScada.","BOOL","","(RADIX := Decimal, Constant := false, ExternalAccess := Read/Write)"
TAG,,VTS_Comm_Fault_HMI,"ault bit indicating loss of communication with VTScada.","BOOL","","(RADIX := Decimal, Constant := false, ExternalAccess := Read/Write)"
TAG,,VTS_Comm_Fault_Latched,"Latched VTScada comm fault, resettable by operator.","BOOL","","(RADIX := Decimal, Constant := false, ExternalAccess := Read/Write)"
TAG,,VTS_Comm_Fault_Latched_HMI,"Latched VTScada comm fault, resettable by operator.","BOOL","","(RADIX := Decimal, Constant := false, ExternalAccess := Read/Write)"
TAG,,VTS_Comm_Watchdog_Tmr,"10-second watchdog timer for VTScada communication.","TIMER","","(Constant := false, ExternalAccess := Read/Write)"
TAG,,VTS_Input_Bypass_MoveTmr_pre,"Bypass Timer Preset written by VTScada (seconds)","DINT","","(RADIX := Decimal, Constant := false, ExternalAccess := Read/Write)"
TAG,,VTS_Input_Main_MoveTmr_pre,"Main Move timer Preset written by VTScada (seconds)","DINT","","(RADIX := Decimal, Constant := false, ExternalAccess := Read/Write)"
TAG,,VTS_Input_Siphon_MoveTmr_pre,"Siphon Move time  Preset written by VTScada (seconds)","DINT","","(RADIX := Decimal, Constant := false, ExternalAccess := Read/Write)"
TAG,,VTS_Main_Close_CMD,"Close Main valve from VTS","BOOL","","(RADIX := Decimal, Constant := false, ExternalAccess := Read/Write)"
TAG,,VTS_Main_MoveTmr_pre,"Main Timer Preset from VTS","DINT","","(RADIX := Decimal, Constant := false, ExternalAccess := Read/Write)"
TAG,,VTS_Main_Open_CMD,"Open Main valve from VTS","BOOL","","(RADIX := Decimal, Constant := false, ExternalAccess := Read/Write)"
TAG,,VTS_Siphon_Close_CMD,"Close Siphon valve from VTS","BOOL","","(RADIX := Decimal, Constant := false, ExternalAccess := Read/Write)"
TAG,,VTS_Siphon_MoveTmr_pre,"Siphon Move timer (seconds)","DINT","","(RADIX := Decimal, Constant := false, ExternalAccess := Read/Write)"
TAG,,VTS_Siphon_Open_CMD,"Open Siphon valve from VTS","BOOL","","(RADIX := Decimal, Constant := false, ExternalAccess := Read/Write)"
TAG,,VTS_Watchdog_In,"VTScada heartbeat. SCADA must continuously increment this tag","DINT","","(RADIX := Decimal, Constant := false, ExternalAccess := Read/Write)"
TAG,,VTS_Watchdog_In_Prev,"Storage for the previous VTS_Watchdog_In value.","DINT","","(RADIX := Decimal, Constant := false, ExternalAccess := Read/Write)"
TAG,,XAL_10_306,"BUILDING $NTEMP LOW","BOOL","","(RADIX := Decimal, Constant := false, ExternalAccess := Read/Write)"
TAG,,XA_10_300,"BUILDING DOOR$NSWITCH CLOSED","BOOL","","(RADIX := Decimal, Constant := false, ExternalAccess := Read/Write)"
TAG,,ZSC_10_300,"Main Valve Fully Closed Limit Switch","BOOL","","(RADIX := Decimal, Constant := false, ExternalAccess := Read/Write)"
TAG,,ZSC_10_301,"Siphon Valve Fully Closed Limit Switch","BOOL","","(RADIX := Decimal, Constant := false, ExternalAccess := Read/Write)"
TAG,,ZSC_10_302,"Bypass Valve Fully Closed Limit Switch","BOOL","","(RADIX := Decimal, Constant := false, ExternalAccess := Read/Write)"
TAG,,ZSO_10_300,"Main Valve Fully Opened Limit Switch","BOOL","","(RADIX := Decimal, Constant := false, ExternalAccess := Read/Write)"
TAG,,ZSO_10_301,"Siphon Valve Fully Open Limit Switch","BOOL","","(RADIX := Decimal, Constant := false, ExternalAccess := Read/Write)"
TAG,,ZSO_10_302,"Bypass Valve Fully Opened Limit Switch","BOOL","","(RADIX := Decimal, Constant := false, ExternalAccess := Read/Write)"
TYPE,SCOPE,ROUTINE,COMMENT,OWNING_ELEMENT,LOCATION
RCOMMENT,"MainProgram","A_Input_Mapping","Slot 1 Input Mapping$N$N***********************************************************************************************","OTE(GS_10_303_RN)","0"
RCOMMENT,"MainProgram","A_Input_Mapping","The input is High when door is closed","OTE(XA_10_300)","7"
RCOMMENT,"MainProgram","A_Input_Mapping","Slot 2 Input Mapping$N$N****************************************************************************************","OTE(HSO_10_302)","16"
RCOMMENT,"MainProgram","A_Input_Mapping","Analog Inputs - Slot 4","MOVE(FT_10_500.SCALED_DATA,FT_10_500_SCLD)","32"
RCOMMENT,"MainProgram","B_Inputs_from_VTS","Move Bypass Timer Preset from VTS Input Tag to Internal Tag","MOVE(VTS_Input_Bypass_MoveTmr_pre,VTS_Bypass_MoveTmr_pre)","9"
RCOMMENT,"MainProgram","B_Inputs_from_VTS","Move Main Timer Preset from VTS Input Tag to Internal Tag","MOVE(VTS_Input_Main_MoveTmr_pre,VTS_Main_MoveTmr_pre)","10"
RCOMMENT,"MainProgram","B_Inputs_from_VTS","Move Main Timer Preset from VTS Input Tag to Internal Tag","MOVE(VTS_Input_Siphon_MoveTmr_pre,VTS_Siphon_MoveTmr_pre)","11"
RCOMMENT,"MainProgram","C_Inputs_from_HMI","Move Bypass Timer Preset from HMI Input Tag to Internal Tag","MOVE(HMI_Input_Bypass_MoveTmr_pre,HMI_Bypass_MoveTmr_pre)","8"
RCOMMENT,"MainProgram","C_Inputs_from_HMI","Move Bypass Timer Preset from HMI Input Tag to Internal Tag","MOVE(HMI_Input_Main_MoveTmr_pre,HMI_Main_MoveTmr_pre)","9"
RCOMMENT,"MainProgram","C_Inputs_from_HMI","Move Bypass Timer Preset from HMI Input Tag to Internal Tag","MOVE(HMI_Input_Siphon_MoveTmr_pre,HMI_Siphon_MoveTmr_pre)","10"
TEXTBOX,"MainProgram","Flow_Totalizer","Siphon Totalizer - Flow - m3","","820:320:Sheet1"
TEXTBOX,"MainProgram","Flow_Totalizer","Main Totalizer - Flow - m3","","840:20:Sheet1"
TEXTBOX,"MainProgram","Flow_Totalizer","Flow Totalizer - Total Flow - m3","","860:600:Sheet1"
RCOMMENT,"MainProgram","Genset","Genset Total Runtime Counter","RTO(Genset_TotalMinRunTimer,?,?)","1"
RCOMMENT,"MainProgram","Genset","Genset Current/Previous Runtime Counter","RES(Genset_CurrentMinRun_Counter)","4"
RCOMMENT,"MainProgram","Genset","Genset Failed to Start Alarm","OTE(Gen_FailToStart_Pulse)","7"
RCOMMENT,"MainProgram","Misc","$N##########     Clock function for Today/Yesterday Flows     ##########$NMyClock[0]=Year, MyClock[1]=Month, MyClock[2]=Day, MyClock[3]=hour, MyClock[4]=minute, MyClock[5]=Seconds","NOP()","0"
RCOMMENT,"MainProgram","Misc","############################################################$N$NThis logic monitors the HMI_Activity_Heartbeat tag, which is toggled by any screen touch. $NThe first part of the logic detects any change in this bit (both rising and falling edges) and immediately resets the 30-minute HMI_Idle_Timer.$N The next instruction runs this timer as long as it hasn$'t expired. $NIf 30 minutes of inactivity passes, the final instruction executes, moving the login screen number into the HMI_Force_Screen_Num tag, which forces the C-more panel back to the login screen.$N$N############################################################","NOP()","5"
RCOMMENT,"MainProgram","Misc","Trigger HMI activity heartbeat from any valve command or setpoint change to reset the idle timer.","OTE(HMI_Activity_Heartbeat)","6"
RCOMMENT,"MainProgram","Misc","Update the $'Previous$' tag after a Bypass move time setpoint change.","MOVE(HMI_Input_Bypass_MoveTmr_pre,HMI_Bypass_MoveTmr_pre_Prev)","7"
RCOMMENT,"MainProgram","Misc","Update the $'Previous$' tag after a Main move time setpoint change.","MOVE(HMI_Input_Main_MoveTmr_pre,HMI_Main_MoveTmr_pre_Prev)","8"
RCOMMENT,"MainProgram","Misc","Update the $'Previous$' tag after a Siphon move time setpoint change.","MOVE(HMI_Input_Siphon_MoveTmr_pre,HMI_Siphon_MoveTmr_pre_Prev)","9"
RCOMMENT,"MainProgram","Misc","Any HMI screen touch toggles the $'HMI_Activity_Heartbeat$' bit. Detect either edge to reset the idle timer.","RES(HMI_Idle_Timer)","10"
RCOMMENT,"MainProgram","Misc","Run the 30-minute (1,800,000 ms) HMI idle timer as long as it is not already complete.","TON(HMI_Idle_Timer,?,?)","11"
RCOMMENT,"MainProgram","Misc","When the idle timer expires, move the Login Screen Number (e.g., $'1$') into the force-screen tag.","MOVE(1,HMI_Force_Screen_Num)","12"
RCOMMENT,"MainProgram","Misc","############################################################$N$NVTScada Watchdog Section$N$NThis logic monitors a $'heartbeat$' tag from VTScada.$NVTScada must continuously change the value of $'VTS_Watchdog_In$'.$NIf this tag stops changing for 10 seconds, the $'VTS_Comm_Watchdog_Tmr$' will time out and set two fault bits: $N$'VTS_Comm_Fault$' (self-healing)$L and $'VTS_Comm_Fault_Latched$' (manual reset).$NThe $'PLC_Watchdog_Out$' tag is a free-running counter that VTScada$Ncan monitor as a heartbeat from the PLC.$N$N############################################################","NOP()","13"
RCOMMENT,"MainProgram","Misc","Generate a continuous 1-second pulse.","TON(PLC_Watchdog_1sec_Tmr,?,?)","14"
RCOMMENT,"MainProgram","Misc","Increment the PLC-to-SCADA heartbeat counter once per second.","CTU(PLC_Watchdog_Out,?,?)","15"
RCOMMENT,"MainProgram","Misc","Reset the heartbeat counter when it reaches its preset to allow it to loop.","RES(PLC_Watchdog_Out)","16"
RCOMMENT,"MainProgram","Misc","If SCADA heartbeat changes, reset timer, store new value, and clear self-healing fault.","OTU(VTS_Comm_Fault)","17"
RCOMMENT,"MainProgram","Misc","If SCADA heartbeat has NOT changed, run the 10-second watchdog timer.","TON(VTS_Comm_Watchdog_Tmr,?,?)","18"
RCOMMENT,"MainProgram","Misc","If the timer expires, latch the self-healing and operator-resettable communication faults.","OTL(VTS_Comm_Fault_Latched)","19"
RCOMMENT,"MainProgram","Misc","Reset the latched comm fault on Alarm Reset.","OTU(VTS_Comm_Fault_Latched)","20"
RCOMMENT,"MainProgram","SumpPumps","-- METER CHAMBER PUMP AUTO LOGIC -- When HMI is in Auto mode, the Meter Sump Pump is commanded to run when the Meter Chamber Float is high.","TOF(MeterSumpAutoStop_Delay,?,?)","0"
RCOMMENT,"MainProgram","SumpPumps","-- METER CHAMBER PUMP CONTROL -- The pump$'s run output is triggered by either the Auto command OR the HMI Hand mode.","TON(MeterSump_MaxRunTime,?,?)","1"
RCOMMENT,"MainProgram","SumpPumps","-- METER SUMP LOCKOUT LATCH -- When the max run timer is done, fire a one-shot and latch the lockout.","OTL(MeterSump_Lockout)","2"
RCOMMENT,"MainProgram","SumpPumps","-- METER SUMP LOCKOUT: Force HMI Radio Button to OFF state when a lockout occurs.","OTU(HMI_MeterSump_Hand_Mode)","3"
RCOMMENT,"MainProgram","SumpPumps","Run Meter Sump Lockout Timer and calculate remaining minutes for display","DIV(MeterSump_LockoutTime,60000,MeterSump_LockoutTime)","4"
RCOMMENT,"MainProgram","SumpPumps","Manual Lockout Reset via HMI: Allows an operator to cancel an active lockout by selecting $'Off$' on the HMI. This action unlatches the lockout and resets the countdown timer.","RES(MeterSump_LockedOutTime)","6"
RCOMMENT,"MainProgram","SumpPumps","When Pump is running start timer","RTO(MeterSump_RunTimer,?,?)","7"
RCOMMENT,"MainProgram","SumpPumps","Reset Sump Run Timer","RES(MeterSump_RunTimer_Counter)","10"
RCOMMENT,"MainProgram","SumpPumps","-- VALVE CHAMBER PUMP AUTO LOGIC -- When HMI is in Auto mode, the Valve Sump Pump is commanded to run when the Valve Chamber Float is high.","TOF(ValveSumpAutoStop_Delay,?,?)","11"
RCOMMENT,"MainProgram","SumpPumps","-- VALVE CHAMBER PUMP CONTROL -- The pump$'s run output is triggered by either the Auto command OR the HMI Hand mode.","TON(ValveSump_MaxRunTime,?,?)","12"
RCOMMENT,"MainProgram","SumpPumps","-- VALVE SUMP LOCKOUT LATCH -- When the max run timer is done, fire a one-shot (DEV_ONS[11]) and latch the lockout.","OTL(ValveSump_Lockout)","13"
RCOMMENT,"MainProgram","SumpPumps","-- VALVE SUMP LOCKOUT: Force HMI Radio Button to OFF state when a lockout occurs.","OTU(HMI_ValveSump_Hand_Mode)","14"
RCOMMENT,"MainProgram","SumpPumps","Run Valve Sump Lockout Timer and calculate remaining minutes for display","DIV(ValveSump_LockoutTime,60000,ValveSump_LockoutTime)","15"
RCOMMENT,"MainProgram","SumpPumps","Lockout Reset: Clears the lockout latch if the global Alarm_Reset is pressed or if the 1-hour ValveSump_LockedOutTime timer expires.","OTU(ValveSump_Lockout)","16"
RCOMMENT,"MainProgram","SumpPumps","Manual Lockout Reset via HMI: Allows an operator to cancel an active lockout by selecting $'Off$' on the HMI. This action unlatches the lockout and resets the countdown timer.","RES(ValveSump_LockedOutTime)","17"
RCOMMENT,"MainProgram","SumpPumps","When Pump is running start timer","RTO(ValveSump_RunTimer,?,?)","18"
RCOMMENT,"MainProgram","SumpPumps","Reset Sump Run Timer","RES(ValveSump_RunTimer_Counter)","21"
RCOMMENT,"MainProgram","Valves","-- BYPASS VALVE REMOTE MODE -- The valve is in Remote when the panel switch is not in the Open or Close position.","OTE(Bypass_Remote_Mode_Permissive)","0"
RCOMMENT,"MainProgram","Valves","-- BYPASS VALVE OPEN PERMISSIVE -- A command to open is active if from the panel switch OR from a remote command when in remote mode.","OTL(Bypass_Open_Permissive)","1"
RCOMMENT,"MainProgram","Valves","-- BYPASS VALVE OPEN OUTPUT -- Energize the open output if the permissive is active and the valve is not already fully open.","OTE(MOV_10_302_OP)","2"
RCOMMENT,"MainProgram","Valves","-- BYPASS VALVE CLOSE PERMISSIVE -- A command to close is active if from the panel switch OR from a remote command when in remote mode.","OTL(Bypass_Close_Permissive)","3"
RCOMMENT,"MainProgram","Valves","-- BYPASS VALVE CLOSE OUTPUT -- Energize the close output if the permissive is active and the valve is not already fully closed.","OTE(MOV_10_302_CL)","4"
RCOMMENT,"MainProgram","Valves","##### Handle HMI vs VTS setpoint handling #####","NOP()","5"
RCOMMENT,"MainProgram","Valves","If HMI Request the valve to move then HMI setpoint is the valve move time Preset","MOVE(HMI_Bypass_MoveTmr_pre,Actual_Bypass_MoveTmr_pre)","6"
RCOMMENT,"MainProgram","Valves","If VTS Request the valve to move then VTS setpoint is the valve move time Preset","MOVE(VTS_Bypass_MoveTmr_pre,Actual_Bypass_MoveTmr_pre)","7"
RCOMMENT,"MainProgram","Valves","Apply the selected Actual Preset (converted to milliseconds) to the Bypass Move Timer.","MUL(Actual_Bypass_MoveTmr_pre,1000,Bypass_MoveTmr.PRE)","8"
RCOMMENT,"MainProgram","Valves","-- BYPASS VALVE REMOTE COMMAND TIMER -- A remote command (HMI/SCADA) moves the desired time into the timer preset and enables it.$N$NNEEDS CORRECTION","TON(Bypass_MoveTmr,?,?)","9"
RCOMMENT,"MainProgram","Valves","-- BYPASS VALVE REMOTE COMMAND LOGIC -- While the move timer is active, the appropriate remote command bit is energized.","OTL(Bypass_Remote_Close_CMD)","10"
RCOMMENT,"MainProgram","Valves","100ms FREE-RUNNING CLOCK PULSE -- This timer generates a continuous pulse for position calculations.","TON(T_Position_Pulse,?,?)","11"
RCOMMENT,"MainProgram","Valves","Calculate the Bypass Valve position increment based on the full stroke time setpoint and 100ms timer pulse.","CPT(Bypass_Position_Increment,(Bypass_InRawMax/Bypass_Full_Stroke_Time_SP)*0.1)","12"
RCOMMENT,"MainProgram","Valves","-- BYPASS VALVE POSITION CALCULATION -- This logic uses a 100ms pulse to increment or decrement a position counter while the valve is moving.","SUB(Bypass_Position_Counter,Bypass_Position_Increment,Bypass_Position_Counter)","13"
RCOMMENT,"MainProgram","Valves","################ SEE VALVE POSITION SCALING #########################","MOVE(Bypass_Position_Percent,Bypass_Position_Percent)","16"
RCOMMENT,"MainProgram","Valves","######################### MAIN VALVE LOGIC ##########################","NOP()","23"
RCOMMENT,"MainProgram","Valves","-- MAIN VALVE REMOTE MODE --","OTE(Main_Remote_Mode_Permissive)","24"
RCOMMENT,"MainProgram","Valves","-- MAIN VALVE OPEN PERMISSIVE --","OTL(Main_Open_Permissive)","25"
RCOMMENT,"MainProgram","Valves","-- MAIN VALVE OPEN OUTPUT --","OTE(MOV_10_300_OP)","26"
RCOMMENT,"MainProgram","Valves","-- MAIN VALVE CLOSE PERMISSIVE --","OTL(Main_Close_Permissive)","27"
RCOMMENT,"MainProgram","Valves","-- MAIN VALVE CLOSE OUTPUT --","OTE(MOV_10_300_CL)","28"
RCOMMENT,"MainProgram","Valves","##### Handle HMI vs VTS setpoint handling #####","NOP()","29"
RCOMMENT,"MainProgram","Valves","If HMI Request the valve to move then HMI setpoint is the valve move time Preset","MOVE(HMI_Main_MoveTmr_pre,Actual_Main_MoveTmr_pre)","30"
RCOMMENT,"MainProgram","Valves","If VTS Request the valve to move then VTS setpoint is the valve move time Preset","MOVE(VTS_Main_MoveTmr_pre,Actual_Main_MoveTmr_pre)","31"
RCOMMENT,"MainProgram","Valves","Apply the selected Actual Preset (converted to milliseconds) to the Bypass Move Timer.","MUL(Actual_Main_MoveTmr_pre,1000,Main_MoveTmr.PRE)","32"
RCOMMENT,"MainProgram","Valves","-- MAIN VALVE REMOTE COMMAND TIMER --","TON(Main_MoveTmr,?,?)","33"
RCOMMENT,"MainProgram","Valves","-- MAIN VALVE REMOTE COMMAND LOGIC --","OTL(Main_Remote_Close_CMD)","34"
RCOMMENT,"MainProgram","Valves","Calculate the Main Valve position increment based on the full stroke time setpoint and 100ms timer pulse","CPT(Main_Position_Increment,(Main_InRawMax/Main_Full_Stroke_Time_SP)*0.1)","35"
RCOMMENT,"MainProgram","Valves","-- MAIN VALVE POSITION CALCULATION --","SUB(Main_Position_Counter,Main_Position_Increment,Main_Position_Counter)","36"
RCOMMENT,"MainProgram","Valves","################ SEE VALVE POSITION SCALING #########################","MOVE(Main_Position_Percent,Main_Position_Percent)","39"
RCOMMENT,"MainProgram","Valves","------------------------------------ SIPHON VALVE LOGIC ------------------------------------","NOP()","46"
RCOMMENT,"MainProgram","Valves","-- SIPHON VALVE REMOTE MODE --","OTE(Siphon_Remote_Mode_Permissive)","47"
RCOMMENT,"MainProgram","Valves","-- SIPHON VALVE OPEN PERMISSIVE --","OTL(Siphon_Open_Permissive)","48"
RCOMMENT,"MainProgram","Valves","-- SIPHON VALVE OPEN OUTPUT --","OTE(MOV_10_301_OP)","49"
RCOMMENT,"MainProgram","Valves","-- SIPHON VALVE CLOSE PERMISSIVE --","OTL(Siphon_Close_Permissive)","50"
RCOMMENT,"MainProgram","Valves","-- SIPHON VALVE CLOSE OUTPUT --","OTE(MOV_10_301_CL)","51"
RCOMMENT,"MainProgram","Valves","##### Handle HMI vs VTS setpoint handling #####","NOP()","52"
RCOMMENT,"MainProgram","Valves","If HMI Request the valve to move then HMI setpoint is the valve move time Preset","MOVE(HMI_Siphon_MoveTmr_pre,Actual_Siphon_MoveTmr_pre)","53"
RCOMMENT,"MainProgram","Valves","If VTS Request the valve to move then VTS setpoint is the valve move time Preset","MOVE(VTS_Siphon_MoveTmr_pre,Actual_Siphon_MoveTmr_pre)","54"
RCOMMENT,"MainProgram","Valves","Apply the selected Actual Preset (converted to milliseconds) to the Bypass Move Timer.","MUL(Actual_Siphon_MoveTmr_pre,1000,Siphon_MoveTmr.PRE)","55"
RCOMMENT,"MainProgram","Valves","-- SIPHON VALVE REMOTE COMMAND TIMER --","TON(Siphon_MoveTmr,?,?)","56"
RCOMMENT,"MainProgram","Valves","-- SIPHON VALVE REMOTE COMMAND LOGIC --","OTE(Siphon_Remote_Close_CMD)","57"
RCOMMENT,"MainProgram","Valves","Calculate the Siphon Valve position increment based on the full stroke time setpoint and 100ms timer pulse","CPT(Siphon_Position_Increment,(Siphon_InRawMax/Siphon_Full_Stroke_Time_SP)*0.1)","58"
RCOMMENT,"MainProgram","Valves","-- SIPHON VALVE POSITION CALCULATION --","SUB(Siphon_Position_Counter,Siphon_Position_Increment,Siphon_Position_Counter)","59"
RCOMMENT,"MainProgram","Valves","################ SEE VALVE POSITION SCALING #########################","MOVE(Siphon_Position_Percent,Siphon_Position_Percent)","62"
RCOMMENT,"MainProgram","Valves","-- SIPHON VALVE STOP OPEN -- Unlatch the open permissive and remote command when the move timer is done or the fully open limit switch is hit","OTU(Siphon_Remote_Open_CMD)","63"
RCOMMENT,"MainProgram","Valves","-- SIPHON VALVE STOP CLOSE -- Unlatch the close permissive and remote command when the move timer is done or the fully closed limit switch is hit","OTU(Siphon_Remote_Close_CMD)","64"
RCOMMENT,"MainProgram","Valves","-- ACTIVATE COOLDOWN PERIOD -- The $'Cooldown_Active$' bit turns on as soon as the move timer is done and stays on while the $'CooldownTmr$' is running","OTE(Siphon_Cooldown_Active)","65"
RCOMMENT,"MainProgram","Valves","-- RUN COOLDOWN TIMER -- As long as the $'Cooldown_Active$' bit is on, this timer will run for a duration equal to the last valve move.","TON(Siphon_CooldownTmr,?,?)","66"
RCOMMENT,"MainProgram","Valves","-- LATCH ANTI-REPEAT INTERLOCK -- While the valve is in its cooldown period, latch the $'Cmd_Held$' bit. This bit blocks any new commands until all operator inputs are released.","OTL(Siphon_Cmd_Held)","67"
RCOMMENT,"MainProgram","Valves","-- LATCH ANTI-REPEAT INTERLOCK -- While the valve is in its cooldown period, latch the $'Cmd_Held$' bit. This bit blocks any new commands until all operator inputs are released.","OTU(Siphon_Cmd_Held)","68"
RCOMMENT,"MainProgram","Valve_Position_Calibrate_NotAvailable","-- STATE 0: IDLE -- This is the default state. When the operator presses the $'Calibrate$' button, it moves to the confirmation step.","MOVE(5,DEV_Cal_Step)","0"
RCOMMENT,"MainProgram","Valve_Position_Calibrate_NotAvailable","-- STATE 5: AWAITING CONFIRMATION -- The system waits for 10 seconds for the operator to press $'Confirm$'. If confirmed, calibration begins. If not, it returns to Idle.","MOVE(0,DEV_Cal_Step)","1"
RCOMMENT,"MainProgram","Valve_Position_Calibrate_NotAvailable","-- STATE 10: DRIVE TO CLOSE -- The valve is driven to the fully closed position to establish a zero-point. A safety timeout is active.","TON(DEV_Timeout_Timer,?,?)","2"
RCOMMENT,"MainProgram","Valve_Position_Calibrate_NotAvailable","-- STATE 20: RESET AND PREPARE -- Once closed, the stroke timer and position counter are cleared before starting the open stroke.","MOVE(30,DEV_Cal_Step)","3"
RCOMMENT,"MainProgram","Valve_Position_Calibrate_NotAvailable","-- STATE 30: DRIVE TO OPEN & MEASURE STROKE -- The valve is driven to the fully open position. The stroke timer measures the travel time.","TON(DEV_Timeout_Timer,?,?)","4"
RCOMMENT,"MainProgram","Valve_Position_Calibrate_NotAvailable","-- STATE 40: CALCULATE & COMPLETE -- With the full stroke time measured, the new position increment is calculated. The $'Complete$' bit is pulsed.","MOVE(50,DEV_Cal_Step)","5"
RCOMMENT,"MainProgram","Valve_Position_Calibrate_NotAvailable","-- STATE 50: CLEANUP -- Reset the In-Progress and Complete flags and return to Idle.","MOVE(0,DEV_Cal_Step)","6"
RCOMMENT,"MainProgram","Valve_Position_Calibrate_NotAvailable","-- ABORT LOGIC -- The operator can abort the calibration at any active step. This will safely stop the valve and move to the aborted state.","MOVE(98,DEV_Cal_Step)","7"
RCOMMENT,"MainProgram","Valve_Position_Calibrate_NotAvailable","-- STATE 98: ABORTED -- The sequence was stopped by the user. It waits for the HMI command to be released before resetting to Idle.","MOVE(0,DEV_Cal_Step)","8"
RCOMMENT,"MainProgram","Valve_Position_Calibrate_NotAvailable","-- FAULT LOGIC -- If the timeout timer completes during any movement step, the sequence fails and jumps to the faulted state.","MOVE(99,DEV_Cal_Step)","9"
RCOMMENT,"MainProgram","Valve_Position_Calibrate_NotAvailable","-- STATE 99: FAULTED -- The sequence has faulted. All outputs are stopped. It requires the $'Calibrate$' button to be cycled to reset.","MOVE(0,DEV_Cal_Step)","10"
RCOMMENT,"MainProgram","X_Alarms","A General Alarm can be trigger by various alarm states","OTE(General_Alarm)","0"
RCOMMENT,"MainProgram","X_Alarms","############################################################$N$NIntruder Alarm Section$N$N############################################################","NOP()","3"
RCOMMENT,"MainProgram","X_Alarms","Start 30-minute arming timer when door is closed and system is not in alarm.","RTO(Building_Arming_Delay,?,?)","4"
RCOMMENT,"MainProgram","X_Alarms","Reset arming timer if door is opened.","RES(Building_Arming_Delay)","5"
RCOMMENT,"MainProgram","X_Alarms","Latch system as $'Armed$' after 30-minute delay.","OTL(Building_Alarm_Armed)","6"
RCOMMENT,"MainProgram","X_Alarms","Start 45-second entry delay when door is opened on an armed system.","TON(Building_Entry_Delay,?,?)","7"
RCOMMENT,"MainProgram","X_Alarms","Reset entry delay timer if door is closed.","RES(Building_Entry_Delay)","8"
RCOMMENT,"MainProgram","X_Alarms","Latch the Building Entry Alarm if the entry delay expires with no disarm event.","OTL(Intruder_Alarm)","10"
RCOMMENT,"MainProgram","X_Alarms","Unlatch $'Armed$' status if the door is closed OR the system is successfully disarmed.","OTU(Building_Alarm_Armed)","11"
RCOMMENT,"MainProgram","X_Alarms","Reset $'Disarmed$' latch when the door is closed.","OTU(Building_Entry_Disarmed)","12"
RCOMMENT,"MainProgram","X_Alarms","Unlatch the Building Entry Alarm on a global alarm reset.","OTU(Intruder_Alarm)","13"
RCOMMENT,"MainProgram","X_Outputs_to_VTS","Move Meter Sump remaining lockout time (Minutes) to VTS tag]","MOVE(MeterSump_LockoutTime,MeterSump_Lockout_Rem_Min_VTS)","0"
RCOMMENT,"MainProgram","Y_Outputs_To_HMI","##############     Valve Control Analog     ###################","NOP()","0"
RCOMMENT,"MainProgram","Y_Outputs_To_HMI","##############     Valve Control Bool     ###################","NOP()","15"
RCOMMENT,"MainProgram","Y_Outputs_To_HMI","############################          Generator Data to HMI          #############################","NOP()","16"
RCOMMENT,"MainProgram","Y_Outputs_To_HMI","Genset Running Status to HMI","OTE(Genset_Running)","17"
RCOMMENT,"MainProgram","Y_Outputs_To_HMI","############################          Sump Pump Data to HMI          #############################","NOP()","24"
RCOMMENT,"MainProgram","Y_Outputs_To_HMI","Meter Sump Remaining Lockout (Minutes) to HMI","MOVE(MeterSump_LockoutTime,MeterSump_Lockout_Rem_Min_HMI)","25"
RCOMMENT,"MainProgram","Y_Outputs_To_HMI","Valve Sump Remaining Lockout (Minutes) to HMI","MOVE(ValveSump_LockoutTime,ValveSump_Lockout_Rem_Min_HMI)","26"
RCOMMENT,"MainProgram","Y_Outputs_To_HMI","############################          Misc Data to HMI          #############################","NOP()","31"
RCOMMENT,"MainProgram","Y_Outputs_To_HMI","Reservoir Level$N(0-100M)","MOVE(LT_10_502_SCLD,LT_10_502_HMI)","32"
RCOMMENT,"MainProgram","Y_Outputs_To_HMI","Reservoir Level$N(0-100M)","MOVE(LT_10_502_SCLD_Geo,LT_10_502_Geo_HMI)","33"
RCOMMENT,"MainProgram","Y_Outputs_To_HMI","Outside Temperature$N(-)40 to +30C","MOVE(TT_10_503_SCLD,TT_10_503_HMI)","34"
RCOMMENT,"MainProgram","Y_Outputs_To_HMI","Battery Level=0-30Vdc","MOVE(ET_10_504_SCLD,BATT_10_504_HMI)","35"
RCOMMENT,"MainProgram","Y_Outputs_To_HMI","A General Alarm can be trigger by various alarm states","OTE(Intruder_Alarm_HMI)","37"
RCOMMENT,"MainProgram","Y_Outputs_To_HMI","A General Alarm can be trigger by various alarm states","OTE(General_Alarm_HMI)","38"
RCOMMENT,"MainProgram","Z_Output_Mapping","Slot 03 Digital Outputs","OTE(Local:3:O.Pt00.Data)","0"
TYPE,SCOPE,ROUTINE,COMMENT,OWNING_ELEMENT,LOCATION
RCOMMENT,"_PowerUp_Init","_PowerUp_Init","If the Bypass Valve stroke time is zero on power-up, set it to a 100-second default.","MOVE(100.0,Bypass_Full_Stroke_Time_SP)","0"
RCOMMENT,"_PowerUp_Init","_PowerUp_Init","If the Main Valve stroke time is zero on power-up, set it to a 100-second default.","MOVE(100.0,Main_Full_Stroke_Time_SP)","1"
RCOMMENT,"_PowerUp_Init","_PowerUp_Init","et Siphon Valve default full stroke time to 100 seconds on controller power-up.","MOVE(100.0,Siphon_Full_Stroke_Time_SP)","2"
